meldung,transaktion,verzoegerungTage,symbol,firma,inhaber,rolle,stueck,preis,summe,quelle
20260925,2026-09-24,,DHF,BNY MELLON HIGH YIELD STRATEGIES FUND,DIMARTINO JOSEPH S,Director,20000,2.22,44400,https://www.sec.gov/Archives/edgar/data/1057861/0001180645-26-000001.txt
20260925,2026-09-23,,LEN,LENNAR CORP /NEW/,BERKSHIRE HATHAWAY INC,,532993,81.65,43518878,https://www.sec.gov/Archives/edgar/data/1067983/0001193125-26-403089.txt
20260925,2026-09-24,,LEN,LENNAR CORP /NEW/,BERKSHIRE HATHAWAY INC,,399238,80.58,32170598,https://www.sec.gov/Archives/edgar/data/1067983/0001193125-26-403089.txt
20260925,2026-09-24,,LEN,LENNAR CORP /NEW/,BERKSHIRE HATHAWAY INC,,241692,81.44,19683396,https://www.sec.gov/Archives/edgar/data/1067983/0001193125-26-403089.txt
20260925,2026-09-25,,LEN,LENNAR CORP /NEW/,BERKSHIRE HATHAWAY INC,,313379,80.9,25352361,https://www.sec.gov/Archives/edgar/data/1067983/0001193125-26-403089.txt
20260925,2026-09-25,,LEN,LENNAR CORP /NEW/,BERKSHIRE HATHAWAY INC,,171723,81.6,14012597,https://www.sec.gov/Archives/edgar/data/1067983/0001193125-26-403089.txt
20260925,2026-09-23,,LEN,LENNAR CORP /NEW/,BERKSHIRE HATHAWAY INC,,1263,79.99,101027,https://www.sec.gov/Archives/edgar/data/1067983/0001193125-26-403089.txt
20260925,2026-09-24,,LEN,LENNAR CORP /NEW/,BERKSHIRE HATHAWAY INC,,9415,79.42,747739,https://www.sec.gov/Archives/edgar/data/1067983/0001193125-26-403089.txt
20260925,2026-09-24,,LEN,LENNAR CORP /NEW/,BERKSHIRE HATHAWAY INC,,2975,79.91,237732,https://www.sec.gov/Archives/edgar/data/1067983/0001193125-26-403089.txt
20260925,2026-09-25,,LEN,LENNAR CORP /NEW/,BERKSHIRE HATHAWAY INC,,7022,79.53,558460,https://www.sec.gov/Archives/edgar/data/1067983/0001193125-26-403089.txt
20260925,2026-09-23,,RGCO,RGC RESOURCES INC,WILLIAMSON JOHN B III,Director,1000,21.19,21190,https://www.sec.gov/Archives/edgar/data/1069533/0001437749-26-031183.txt
20260925,2026-09-23,,RGCO,RGC RESOURCES INC,JOHNSTON ROBERT B,Director,1000,20.75,20750,https://www.sec.gov/Archives/edgar/data/1069533/0001437749-26-031185.txt
20260925,2026-09-25,,CX,CEMEX SAB DE CV,Zambrano Lozano Rogelio,Director,400800,17.2812,6926305,https://www.sec.gov/Archives/edgar/data/1076378/0002035244-26-000009.txt
20260925,2026-09-23,,SKIL,Skillsoft Corp.,HOVSEPIAN RONALD W,CEO &amp; Executive Chair,11196,5.932,66415,https://www.sec.gov/Archives/edgar/data/1091482/0001091482-26-000019.txt
20260925,2026-09-24,,KBDC,Kayne Anderson BDC  Inc.,ROBO JAMES L,Director,105000,13.046,1369830,https://www.sec.gov/Archives/edgar/data/1183254/0001183254-26-000007.txt
20260925,2026-09-23,,MX,MAGNACHIP SEMICONDUCTOR Corp,LEE CHAE,Chief Executive Officer,50000,3.17,158500,https://www.sec.gov/Archives/edgar/data/1325702/0001193125-26-402849.txt
20260925,2026-09-23,,MX,MAGNACHIP SEMICONDUCTOR Corp,LEE CHAE,Chief Executive Officer,30000,3.1866,95598,https://www.sec.gov/Archives/edgar/data/1325702/0001193125-26-402849.txt
20260925,2026-09-24,,MX,MAGNACHIP SEMICONDUCTOR Corp,LEE CHAE,Chief Executive Officer,20000,3.2199,64398,https://www.sec.gov/Archives/edgar/data/1325702/0001193125-26-402849.txt
20260925,2026-09-24,,URG,UR-ENERGY INC,Walle Jade,VICE PRESIDENT FINANCE,96030,1.14,109474,https://www.sec.gov/Archives/edgar/data/1375205/0001654954-26-008582.txt
20260925,2026-09-23,,ANIX,Anixa Biosciences Inc,Titterton Lewis H jr,Director,49036,2.69,131907,https://www.sec.gov/Archives/edgar/data/1499254/0001493152-26-044250.txt
20260925,2026-09-24,,FTHY,FIRST TRUST HIGH YIELD OPPORTUNITIES 2027 TERM FUND,HOUSEY WILLIAM A JR,,5000,12.9,64500,https://www.sec.gov/Archives/edgar/data/1501080/0001445546-26-007128.txt
20260925,2026-09-24,,ANNX,Annexon  Inc.,Love Douglas,PRESIDENT AND CEO,26065,3.83,99829,https://www.sec.gov/Archives/edgar/data/1528115/0001818520-26-000003.txt
20260925,2026-09-24,,JCTC,JEWETT CAMERON TRADING CO LTD,AJB Investment Fund II  LP,,5000,2.925,14625,https://www.sec.gov/Archives/edgar/data/1536588/0001536588-26-000034.txt
20260925,2026-09-24,,DLY,DoubleLine Yield Opportunities Fund,Sherman Jeffrey J.,Vice President,10000,13.03,130300,https://www.sec.gov/Archives/edgar/data/1539718/0000904454-26-000490.txt
20260925,2026-09-11,,HRGN,Harvard Apparatus Regenerative Technology  Inc.,He Junli,CEO,361905,1.05,380000,https://www.sec.gov/Archives/edgar/data/1563665/0001437749-26-031181.txt
20260925,2026-09-15,,HRGN,Harvard Apparatus Regenerative Technology  Inc.,He Junli,CEO,6725,2.15,14459,https://www.sec.gov/Archives/edgar/data/1563665/0001437749-26-031181.txt
20260925,2026-09-23,,CLPR,Clipper Realty Inc.,Levinson Sam,Director,13606,3.377,45947,https://www.sec.gov/Archives/edgar/data/1588901/0001539497-26-002601.txt
20260925,2026-09-24,,CLPR,Clipper Realty Inc.,Levinson Sam,Director,9317,3.3795,31487,https://www.sec.gov/Archives/edgar/data/1588901/0001539497-26-002601.txt
20260925,2026-09-24,,AEF,abrdn Emerging Markets ex-China Fund  Inc.,Clark Anthony S.,Director,4500,9.63,43335,https://www.sec.gov/Archives/edgar/data/1652951/0001104659-26-110663.txt
20260925,2026-09-25,,RSI,Rush Street Interactive  Inc.,Markell Jack A.,Director,1500,19.35,29025,https://www.sec.gov/Archives/edgar/data/1705859/0001705859-26-000006.txt
20260925,2026-09-23,,MSC,STUDIO CITY INTERNATIONAL HOLDINGS Ltd,HO LAWRENCE YAU LUNG,Director,1043600,0.1977,206320,https://www.sec.gov/Archives/edgar/data/1713334/0001193125-26-401498.txt
20260925,2026-09-24,,EDRY,EuroDry Ltd.,Pittas Aristeidis P,Director,450,51.3324,23100,https://www.sec.gov/Archives/edgar/data/1731388/0002127484-26-000018.txt
20260925,2026-09-25,,UMH,UMH PROPERTIES  INC.,Mitchell William Edward,Director,1300,15.3,19890,https://www.sec.gov/Archives/edgar/data/1782938/0000752642-26-000112.txt
20260925,2026-09-24,,DFDV,DeFi Development Corp.,White Parker,,9462,8.96,84780,https://www.sec.gov/Archives/edgar/data/1805526/0002061848-26-000005.txt
20260925,2026-09-23,,CRBG,Corebridge Financial  Inc.,NIPPON LIFE INSURANCE CO,,219273,34.134,7484665,https://www.sec.gov/Archives/edgar/data/1889539/0001193125-26-402895.txt
20260925,2026-09-25,,NCT,Intercont (Cayman) Ltd,Zhu Muchun,CEO and Chairman,1625000,0.4,650000,https://www.sec.gov/Archives/edgar/data/2018529/0001493152-26-044229.txt
20260925,2026-09-23,,N/A,Calamos Aksia Hedged Strategies Fund,Calamos Aksia Hedged Strategies Fund (Offshore)  Ltd.,,714183.381,10.47,7477500,https://www.sec.gov/Archives/edgar/data/2063706/0002125773-26-000013.txt
